strain,insertion: 1bp @ ref pos 756,insertion: 1bp @ ref pos 762,insertion: 2bp @ ref pos 1950,insertion: 392bp @ ref pos 2540,insertion: 1bp @ ref pos 6318,insertion: 1bp @ ref pos 7267,insertion: 1bp @ ref pos 7656,insertion: 1bp @ ref pos 7960,insertion: 1bp @ ref pos 9297,insertion: 2bp @ ref pos 9304,insertion: 1bp @ ref pos 10352
MF175866,C,A,,,C,,,,,,
MF175842,C,A,,,C,,,,,,
MF175835,C,A,,,C,,,,,,
MF175855,C,A,,,,,,,,,
MF175837,C,A,,,C,,,,,,
MF175849,C,A,,,C,,,,,,
MF175864,C,A,,,C,,,,,,
MF175867,C,A,,,,,,,,,
MF175857,C,A,,,,,,,,,
MF175874,C,A,,,C,,,,,,
MF175863,C,A,,,C,,,,,,
MF175853,C,A,,,C,,,,,,
MF175839,C,A,,,,,,,,,
MF175865,C,A,,,C,,T,,,,
MF175834,C,A,,,C,,,,,,
MF175833,C,A,CT,,C,,T,,,,
MF175843,C,A,,,C,,T,,,,
MF175830,C,A,,,C,,T,,,,
MF175844,C,A,,,C,,,,,,
MF175871,C,A,,,C,,,,,,
MF175859,C,A,,,C,,,,,,
MF175831,C,A,,,C,,,,,,
MF175858,C,A,,,C,,,,,,
MF175841,C,A,,,C,,,,,,
MF175840,C,A,,,C,,,,,,
MF175872,C,A,,,C,,T,,,,
MF175861,C,A,,,C,,,,,,
MF175848,C,A,,,,,,,,,
MF175854,C,A,,,,,,,,,
MF175862,C,A,,,C,,T,,,,
MF175836,C,A,,,C,,T,,,,
MF175838,C,A,,,C,,,,,,
MF175852,C,A,,,,,,,,,
MF175856,C,A,,,C,,,,,,
MF175860,C,A,,,C,,,,,,
MF175875,C,A,CT,,C,,,,,,
MF175845,C,A,,,C,,,,,,
MF175846,C,A,,,C,,,,,,
MF175832,C,A,,,C,,,,,,
MF175868,C,A,,,C,,,,,,
OQ721392,,,,T,,,,,,,
MF175876,,,,,C,,T,,,,
MF175873,,,,,C,,,,,,
MF175851,,,,,C,,,,,,
MF175821,,,,,C,,,,,,
MF175847,,,,,C,,T,,,,
MF175869,,,,,C,,,,,,
Yale-WNV0177,,,,,,T,,,,,
Yale-WNV0354,,,,,,,,A,,,
HQ671737,,,,,,,,,G,AC,
KJ145810,,,,,,,,,,,A
